movie_name,download
2021年动作悬疑《一级指控》HD国粤双语中字,magnet:?xt=urn:btih:d9dcaa9143e2271c9233e3ab1515a674abd463f7&dn=%e9%98%b3%e5%85%89%e7%94%b5%e5%bd%b1www.ygdy8.com.%e4%b8%80%e7%ba%a7%e6%8c%87%e6%8e%a7.2021.HD.1080P.%e5%9b%bd%e7%b2%a4%e5%8f%8c%e8%af%ad%e4%b8%ad%e5%ad%97.mkv&tr=udp%3a%2f%2ftracker.opentrackr.org%3a1337%2fannounce&tr=udp%3a%2f%2fexodus.desync.com%3a6969%2fannounce
2021年剧情《妈妈的神奇小子》HD国粤双语中字,magnet:?xt=urn:btih:336789931293e59284cd166964cf3b697c24bc1b&dn=%e9%98%b3%e5%85%89%e7%94%b5%e5%bd%b1www.ygdy8.com.%e5%a6%88%e5%a6%88%e7%9a%84%e7%a5%9e%e5%a5%87%e5%b0%8f%e5%ad%90.2021.HD.1080P.%e5%9b%bd%e7%b2%a4%e5%8f%8c%e8%af%ad%e4%b8%ad%e5%ad%97.mkv&tr=udp%3a%2f%2ftracker.opentrackr.org%3a1337%2fannounce&tr=udp%3a%2f%2fexodus.desync.com%3a6969%2fannounce
2021年剧情惊悚《摩加迪沙/绝路狂逃》BD韩语中字,magnet:?xt=urn:btih:1ba4f0a48879a81cbd4aadc68bcf0fda6725bd3d&dn=%e9%98%b3%e5%85%89%e7%94%b5%e5%bd%b1www.ygdy8.com.%e6%91%a9%e5%8a%a0%e8%bf%aa%e6%b2%99.2021.BD.1080p.%e9%9f%a9%e8%af%ad%e4%b8%ad%e5%ad%97.mkv&tr=udp%3a%2f%2ftracker.opentrackr.org%3a1337%2fannounce&tr=udp%3a%2f%2fexodus.desync.com%3a6969%2fannounce
2021年剧情动作《老亨利》BD中英双字,magnet:?xt=urn:btih:150ed080c20de72482df9dc9be61b1fc9bfa24fd&dn=%e9%98%b3%e5%85%89%e7%94%b5%e5%bd%b1www.ygdy8.com.%e8%80%81%e4%ba%a8%e5%88%a9.2021.BD.1080P.%e4%b8%ad%e8%8b%b1%e5%8f%8c%e5%ad%97.mkv&tr=udp%3a%2f%2ftracker.opentrackr.org%3a1337%2fannounce&tr=udp%3a%2f%2fexodus.desync.com%3a6969%2fannounce
2021年恐怖奇幻《绿衣骑士》BD中英双字,magnet:?xt=urn:btih:e3ebd5518d3ebe67e0b9ea09e203517a78199312&dn=%e9%98%b3%e5%85%89%e7%94%b5%e5%bd%b1www.ygdy8.com.%e7%bb%bf%e8%a1%a3%e9%aa%91%e5%a3%ab.2021.BD.1080P.%e4%b8%ad%e8%8b%b1%e5%8f%8c%e5%ad%97.mkv&tr=udp%3a%2f%2ftracker.opentrackr.org%3a1337%2fannounce&tr=udp%3a%2f%2fexodus.desync.com%3a6969%2fannounce
2021年高分纪录片《九零后》HD国语中字,magnet:?xt=urn:btih:cc92e1bfab0a56c56322c0d8df11c37414c71087&dn=%e9%98%b3%e5%85%89%e7%94%b5%e5%bd%b1www.ygdy8.com.%e4%b9%9d%e9%9b%b6%e5%90%8e.2021.HD.1080P.%e5%9b%bd%e8%af%ad%e4%b8%ad%e5%ad%97.mkv&tr=udp%3a%2f%2ftracker.opentrackr.org%3a1337%2fannounce&tr=udp%3a%2f%2fexodus.desync.com%3a6969%2fannounce
2020年科幻《莫斯科陷落2/末日异战》BD国俄双语中字,magnet:?xt=urn:btih:6380566f556d7e975a756da0b610e68a7e690061&dn=%e9%98%b3%e5%85%89%e7%94%b5%e5%bd%b1www.ygdy8.com.%e8%8e%ab%e6%96%af%e7%a7%91%e9%99%b7%e8%90%bd2.BD.1080P.%e5%9b%bd%e4%bf%84%e5%8f%8c%e8%af%ad%e5%8f%8c%e5%ad%97.mkv&tr=udp%3a%2f%2ftracker.opentrackr.org%3a1337%2fannounce&tr=udp%3a%2f%2fexodus.desync.com%3a6969%2fannounce
2020年动画《宇宙中最明亮的屋顶》BD日语中字,magnet:?xt=urn:btih:26f9411dbaafecffad3d647bc14e45c593c34f24&dn=%e9%98%b3%e5%85%89%e7%94%b5%e5%bd%b1www.ygdy8.com.%e5%ae%87%e5%ae%99%e4%b8%ad%e6%9c%80%e6%98%8e%e4%ba%ae%e7%9a%84%e5%b1%8b%e9%a1%b6.2020.BD.1080P.%e6%97%a5%e8%af%ad%e4%b8%ad%e5%ad%97.mkv&tr=udp%3a%2f%2ftracker.opentrackr.org%3a1337%2fannounce&tr=udp%3a%2f%2fexodus.desync.com%3a6969%2fannounce
2011年纪录片《冰血长津湖》HD国语中字,magnet:?xt=urn:btih:96c2850b8b01bfe9f7c7c5d7575db80137ba5414&dn=%e9%98%b3%e5%85%89%e7%94%b5%e5%bd%b1www.ygdy8.com.%e5%86%b0%e8%a1%80%e9%95%bf%e6%b4%a5%e6%b9%96.2021.HD.1080P.%e5%9b%bd%e8%af%ad%e4%b8%ad%e5%ad%97.mp4&tr=udp%3a%2f%2ftracker.opentrackr.org%3a1337%2fannounce&tr=udp%3a%2f%2fexodus.desync.com%3a6969%2fannounce
2020年动画《宝可梦：皮卡丘和可可的冒险》BD国日双语中字,magnet:?xt=urn:btih:e3201ffa4da381be059e51f6d8d6529d2ea6f2b1&dn=%e9%98%b3%e5%85%89%e7%94%b5%e5%bd%b1www.ygdy8.com.%e5%ae%9d%e5%8f%af%e6%a2%a6%ef%bc%9a%e7%9a%ae%e5%8d%a1%e4%b8%98%e5%92%8c%e5%8f%af%e5%8f%af%e7%9a%84%e5%86%92%e9%99%a9.2020.BD.1080P.%e5%9b%bd%e6%97%a5%e5%8f%8c%e8%af%ad%e4%b8%ad%e5%ad%97.mkv&tr=udp%3a%2f%2ftracker.opentrackr.org%3a1337%2fannounce&tr=udp%3a%2f%2fexodus.desync.com%3a6969%2fannounce
2020年喜剧《回归之路》BD中英双字,magnet:?xt=urn:btih:7979bf524e8a82a792ad7c6192ed8812c0923a66&dn=%e9%98%b3%e5%85%89%e7%94%b5%e5%bd%b1www.ygdy8.com.%e5%9b%9e%e5%bd%92%e4%b9%8b%e8%b7%af.2020.BD.1080P.%e4%b8%ad%e8%8b%b1%e5%8f%8c%e5%ad%97.mkv&tr=udp%3a%2f%2ftracker.opentrackr.org%3a1337%2fannounce&tr=udp%3a%2f%2fexodus.desync.com%3a6969%2fannounce
2021年悬疑《信号长期未解决事件搜查组剧场版》BD日语中字,magnet:?xt=urn:btih:1cd57b6f4aac64caffe3754bd5323d6324791139&dn=%e9%98%b3%e5%85%89%e7%94%b5%e5%bd%b1www.ygdy8.com.%e4%bf%a1%e5%8f%b7%e9%95%bf%e6%9c%9f%e6%9c%aa%e8%a7%a3%e5%86%b3%e4%ba%8b%e4%bb%b6%e6%90%9c%e6%9f%a5%e7%bb%84%e5%89%a7%e5%9c%ba%e7%89%88.2021.BD.1080P.%e6%97%a5%e8%af%ad%e4%b8%ad%e5%ad%97.mkv&tr=udp%3a%2f%2ftracker.opentrackr.org%3a1337%2fannounce&tr=udp%3a%2f%2fexodus.desync.com%3a6969%2fannounce
2021年剧情《把我关起来》BD日语中字,magnet:?xt=urn:btih:3306ecf3eb5057d0cd8fd82e3967bb80aa595fa0&dn=%e9%98%b3%e5%85%89%e7%94%b5%e5%bd%b1www.ygdy8.com.%e6%8a%8a%e6%88%91%e5%85%b3%e8%b5%b7%e6%9d%a5.2021.BD.1080P.%e6%97%a5%e8%af%ad%e4%b8%ad%e5%ad%97.mkv&tr=udp%3a%2f%2ftracker.opentrackr.org%3a1337%2fannounce&tr=udp%3a%2f%2fexodus.desync.com%3a6969%2fannounce
2021年惊悚《钛/女泰坦/钛妙了》HD中英双字,magnet:?xt=urn:btih:96ca68ed5a753979716d9ad708f4dffad6e6af3a&dn=%e9%98%b3%e5%85%89%e7%94%b5%e5%bd%b1www.ygdy8.com.%e9%92%9b.2021.BD.1080P.%e4%b8%ad%e8%8b%b1%e5%8f%8c%e5%ad%97.mkv&tr=udp%3a%2f%2ftracker.opentrackr.org%3a1337%2fannounce&tr=udp%3a%2f%2fexodus.desync.com%3a6969%2fannounce
2021年剧情惊悚《哭泣的男人》BD中英双字,magnet:?xt=urn:btih:5a9782b4554de0937b214ff57ae24af0f3f5f88c&dn=%e9%98%b3%e5%85%89%e7%94%b5%e5%bd%b1www.ygdy8.com.%e5%93%ad%e6%b3%a3%e7%9a%84%e7%94%b7%e4%ba%ba.2021.BD.1080P.%e4%b8%ad%e8%8b%b1%e5%8f%8c%e5%ad%97.mkv&tr=udp%3a%2f%2ftracker.opentrackr.org%3a1337%2fannounce&tr=udp%3a%2f%2fexodus.desync.com%3a6969%2fannounce
2021年剧情《盛夏未来》HD国语中字,magnet:?xt=urn:btih:7f0f1358e8e226f63a6e93c0ae61f52ad50e639e&dn=%e9%98%b3%e5%85%89%e7%94%b5%e5%bd%b1www.ygdy8.com.%e7%9b%9b%e5%a4%8f%e6%9c%aa%e6%9d%a5.2021.HD.1080P.%e5%9b%bd%e8%af%ad%e4%b8%ad%e5%ad%97.mkv&tr=udp%3a%2f%2ftracker.opentrackr.org%3a1337%2fannounce&tr=udp%3a%2f%2fexodus.desync.com%3a6969%2fannounce
2021年科幻冒险《Dune》HD中英双字,magnet:?xt=urn:btih:586bd0fae0d949a4a149ea390bef0895acd536af&dn=%e9%98%b3%e5%85%89%e7%94%b5%e5%bd%b1www.ygdy8.com.Dune.2021.HD.1080P.%e4%b8%ad%e8%8b%b1%e5%8f%8c%e5%ad%97.mkv&tr=udp%3a%2f%2ftracker.opentrackr.org%3a1337%2fannounce&tr=udp%3a%2f%2fexodus.desync.com%3a6969%2fannounce
2019年动画《宝可梦：超梦的逆袭进化》BD国日双语中字,magnet:?xt=urn:btih:3e26e1b646c47d3b5729236c0254b1e5d9566e3e&dn=%e9%98%b3%e5%85%89%e7%94%b5%e5%bd%b1www.ygdy8.com.%e5%ae%9d%e5%8f%af%e6%a2%a6%ef%bc%9a%e8%b6%85%e6%a2%a6%e7%9a%84%e9%80%86%e8%a2%ad%e8%bf%9b%e5%8c%96.2019.BD.1080P.%e5%9b%bd%e6%97%a5%e5%8f%8c%e8%af%ad%e4%b8%ad%e5%ad%97.mkv&tr=udp%3a%2f%2ftracker.opentrackr.org%3a1337%2fannounce&tr=udp%3a%2f%2fexodus.desync.com%3a6969%2fannounce
2021年惊悚动作《神偷军团》BD中英双字,magnet:?xt=urn:btih:358c4983a57add95c37d96dfb3c701a82a15f3c8&dn=%e9%98%b3%e5%85%89%e7%94%b5%e5%bd%b1www.ygdy8.com.%e7%a5%9e%e5%81%b7%e5%86%9b%e5%9b%a2.2021.BD.1080P.%e4%b8%ad%e8%8b%b1%e5%8f%8c%e5%ad%97.mkv&tr=udp%3a%2f%2ftracker.opentrackr.org%3a1337%2fannounce&tr=udp%3a%2f%2fexodus.desync.com%3a6969%2fannounce
2021年喜剧《日常幻想指南》HD国语中字,magnet:?xt=urn:btih:69547bb62bc7fa2adfc4f250b06002ca42617506&dn=%e9%98%b3%e5%85%89%e7%94%b5%e5%bd%b1www.ygdy8.com.%e6%97%a5%e5%b8%b8%e5%b9%bb%e6%83%b3%e6%8c%87%e5%8d%97.2021.HD.1080P.%e5%9b%bd%e8%af%ad%e4%b8%ad%e5%ad%97.mp4&tr=udp%3a%2f%2ftracker.opentrackr.org%3a1337%2fannounce&tr=udp%3a%2f%2fexodus.desync.com%3a6969%2fannounce
2021年惊悚恐怖《夜间小屋/鬼屋》BD中英双字,magnet:?xt=urn:btih:b50be59561fa7d17ea543c065fe1bc9f15e3d811&dn=%e9%98%b3%e5%85%89%e7%94%b5%e5%bd%b1www.ygdy8.com.%e5%a4%9c%e9%97%b4%e5%b0%8f%e5%b1%8b.2021.BD.1080P.%e4%b8%ad%e8%8b%b1%e5%8f%8c%e5%ad%97.mkv&tr=udp%3a%2f%2ftracker.opentrackr.org%3a1337%2fannounce&tr=udp%3a%2f%2fexodus.desync.com%3a6969%2fannounce
2021年惊悚恐怖《逃脱的女孩》BD中英双字,magnet:?xt=urn:btih:93de913b7f28f1b4cad6bd449e125f7b38aec76b&dn=%e9%98%b3%e5%85%89%e7%94%b5%e5%bd%b1www.ygdy8.com.%e9%80%83%e8%84%b1%e7%9a%84%e5%a5%b3%e5%ad%a9.2021.BD.1080P.%e4%b8%ad%e8%8b%b1%e5%8f%8c%e5%ad%97.mkv&tr=udp%3a%2f%2ftracker.opentrackr.org%3a1337%2fannounce&tr=udp%3a%2f%2fexodus.desync.com%3a6969%2fannounce
2021年剧情《女人街，再见了》BD国粤双语中字,magnet:?xt=urn:btih:4234e01bfddb89548f3c9e7069a782c97343e4bb&dn=%e9%98%b3%e5%85%89%e7%94%b5%e5%bd%b1www.ygdy8.com.%e5%a5%b3%e4%ba%ba%e8%a1%97%ef%bc%8c%e5%86%8d%e8%a7%81%e4%ba%86.2021.BD.1080P.%e5%9b%bd%e7%b2%a4%e5%8f%8c%e8%af%ad%e4%b8%ad%e5%ad%97.mkv&tr=udp%3a%2f%2ftracker.opentrackr.org%3a1337%2fannounce&tr=udp%3a%2f%2fexodus.desync.com%3a6969%2fannounce
2021年喜剧《五个扑水的少年》HD国语中字,magnet:?xt=urn:btih:9ccef69881a92965f3c946a38e36d139ada042f2&dn=%e9%98%b3%e5%85%89%e7%94%b5%e5%bd%b1www.ygdy8.com.%e4%ba%94%e4%b8%aa%e6%89%91%e6%b0%b4%e7%9a%84%e5%b0%91%e5%b9%b4.2021.HD.1080P.%e5%9b%bd%e8%af%ad%e4%b8%ad%e5%ad%97.mp4&tr=udp%3a%2f%2ftracker.opentrackr.org%3a1337%2fannounce&tr=udp%3a%2f%2fexodus.desync.com%3a6969%2fannounce
2021年剧情爱情《我的青春有个你》HD国语中字,magnet:?xt=urn:btih:91d5f586e5821c8314c97fed7506f1450534a9e6&dn=%e9%98%b3%e5%85%89%e7%94%b5%e5%bd%b1www.ygdy8.com.%e6%88%91%e7%9a%84%e9%9d%92%e6%98%a5%e6%9c%89%e4%b8%aa%e4%bd%a0.2021.HD.1080P.%e5%9b%bd%e8%af%ad%e4%b8%ad%e5%ad%97.mkv&tr=udp%3a%2f%2ftracker.opentrackr.org%3a1337%2fannounce&tr=udp%3a%2f%2fexodus.desync.com%3a6969%2fannounce
2021年喜剧爱情《灰姑娘》BD中英双字,magnet:?xt=urn:btih:872631e923f07697fb810fb6bc871fa588f48c32&dn=%e9%98%b3%e5%85%89%e7%94%b5%e5%bd%b1www.ygdy8.com.%e7%81%b0%e5%a7%91%e5%a8%98.2021.BD.1080P.%e4%b8%ad%e8%8b%b1%e5%8f%8c%e5%ad%97.mkv&tr=udp%3a%2f%2ftracker.opentrackr.org%3a1337%2fannounce&tr=udp%3a%2f%2fexodus.desync.com%3a6969%2fannounce
2019年动画喜剧《特拉·威利：未知星球》BD国法双语中字,magnet:?xt=urn:btih:6a73de2c72f6c3f81ccd604989876114807251a3&dn=%e9%98%b3%e5%85%89%e7%94%b5%e5%bd%b1www.ygdy8.com.%e7%89%b9%e6%8b%89%c2%b7%e5%a8%81%e5%88%a9%ef%bc%9a%e6%9c%aa%e7%9f%a5%e6%98%9f%e7%90%83.2019.BD.1080P.%e5%9b%bd%e6%b3%95%e5%8f%8c%e8%af%ad%e4%b8%ad%e5%ad%97.mkv&tr=udp%3a%2f%2ftracker.opentrackr.org%3a1337%2fannounce&tr=udp%3a%2f%2fexodus.desync.com%3a6969%2fannounce
2021年悬疑惊悚《尊重/灵魂心声》BD中英双字,magnet:?xt=urn:btih:7393c9dacdca1314cdcfc7c2a925a469b86bf874&dn=%e9%98%b3%e5%85%89%e7%94%b5%e5%bd%b1www.ygdy8.com.%e5%b0%8a%e9%87%8d.2021.BD.1080P.%e4%b8%ad%e8%8b%b1%e5%8f%8c%e5%ad%97.mkv&tr=udp%3a%2f%2ftracker.opentrackr.org%3a1337%2fannounce&tr=udp%3a%2f%2fexodus.desync.com%3a6969%2fannounce
2021年奇幻动画《白蛇2：青蛇劫起》HD国语中字,magnet:?xt=urn:btih:5400b81a4933221129996afecd3275e538e89086&dn=%e9%98%b3%e5%85%89%e7%94%b5%e5%bd%b1www.ygdy8.com.%e7%99%bd%e8%9b%872%ef%bc%9a%e9%9d%92%e8%9b%87%e5%8a%ab%e8%b5%b7.2021.HD.1080P.%e5%9b%bd%e8%af%ad%e4%b8%ad%e5%ad%97.mkv&tr=udp%3a%2f%2ftracker.opentrackr.org%3a1337%2fannounce&tr=udp%3a%2f%2fexodus.desync.com%3a6969%2fannounce
2021年惊悚动作《凯特/绝命凯特》BD中英双字,magnet:?xt=urn:btih:cc84f6c8fc2dbe529793b1473ccc2ffda2217b88&dn=%e9%98%b3%e5%85%89%e7%94%b5%e5%bd%b1www.ygdy8.com.%e5%87%af%e7%89%b9.2021.BD.1080P.%e4%b8%ad%e8%8b%b1%e5%8f%8c%e5%ad%97.mkv&tr=udp%3a%2f%2ftracker.opentrackr.org%3a1337%2fannounce&tr=udp%3a%2f%2fexodus.desync.com%3a6969%2fannounce
2021年惊悚恐怖《致命感应》BD中英双字,magnet:?xt=urn:btih:30781091908a3734c300acbd69215f9eb4d730e0&dn=%e9%98%b3%e5%85%89%e7%94%b5%e5%bd%b1www.ygdy8.com.%e8%87%b4%e5%91%bd%e6%84%9f%e5%ba%94.2021.BD.1080P.%e4%b8%ad%e8%8b%b1%e5%8f%8c%e5%ad%97.mkv&tr=udp%3a%2f%2ftracker.opentrackr.org%3a1337%2fannounce&tr=udp%3a%2f%2fexodus.desync.com%3a6969%2fannounce
2021年悬疑惊悚《秘密访客》BD国语中字,magnet:?xt=urn:btih:34459ce41ee594dda744c3d64c6a93cd0e791681&dn=%e9%98%b3%e5%85%89%e7%94%b5%e5%bd%b1www.ygdy8.com.%e7%a7%98%e5%af%86%e8%ae%bf%e5%ae%a2.2021.BD.1080P.%e5%9b%bd%e8%af%ad%e4%b8%ad%e5%ad%97.mkv&tr=udp%3a%2f%2ftracker.opentrackr.org%3a1337%2fannounce&tr=udp%3a%2f%2fexodus.desync.com%3a6969%2fannounce
2021年高分纪录片《龙虎武师》HD国语中字,magnet:?xt=urn:btih:5af0f8309bd703767c73a45537f068ca644b9e3a&dn=%e9%98%b3%e5%85%89%e7%94%b5%e5%bd%b1www.ygdy8.com.%e9%be%99%e8%99%8e%e6%ad%a6%e5%b8%88.2021.HD.1080P.%e5%9b%bd%e8%af%ad%e4%b8%ad%e5%ad%97.mkv&tr=udp%3a%2f%2ftracker.opentrackr.org%3a1337%2fannounce&tr=udp%3a%2f%2fexodus.desync.com%3a6969%2fannounce
2021年科幻动作《哥斯拉大战金刚》BD中英双字,magnet:?xt=urn:btih:facd1415c1f8adc4a68573b4cbd4fe97ac39b2b1&dn=%e9%98%b3%e5%85%89%e7%94%b5%e5%bd%b1www.ygdy8.com.%e5%93%a5%e6%96%af%e6%8b%89%e5%a4%a7%e6%88%98%e9%87%91%e5%88%9a.2021.1080P.%e5%9b%bd%e8%8b%b1%e5%8f%8c%e8%af%ad.%e4%b8%ad%e8%8b%b1%e5%ad%97%e5%b9%95.mkv&tr=udp%3a%2f%2ftracker.opentrackr.org%3a1337%2fannounce&tr=udp%3a%2f%2fexodus.desync.com%3a6969%2fannounce
2021年动画喜剧《拯救甜甜圈：时空大营救》BD中英双字,magnet:?xt=urn:btih:6afdabd752928ba9cadcfc01b2d7b49ed148f69a&dn=%e9%98%b3%e5%85%89%e7%94%b5%e5%bd%b1www.ygdy8.com.%e6%8b%af%e6%95%91%e7%94%9c%e7%94%9c%e5%9c%88%ef%bc%9a%e6%97%b6%e7%a9%ba%e5%a4%a7%e8%90%a5%e6%95%91.2021.BD.1080P.%e4%b8%ad%e8%8b%b1%e5%8f%8c%e5%ad%97.mkv&tr=udp%3a%2f%2ftracker.opentrackr.org%3a1337%2fannounce&tr=udp%3a%2f%2fexodus.desync.com%3a6969%2fannounce
2021年惊悚动作《幽灵之国的囚徒》BD中英双字,magnet:?xt=urn:btih:aa6e0fc8d58df37941f2f3c40751e9621c6e943b&dn=%e9%98%b3%e5%85%89%e7%94%b5%e5%bd%b1www.ygdy8.com.%e5%b9%bd%e7%81%b5%e4%b9%8b%e5%9b%bd%e7%9a%84%e5%9b%9a%e5%be%92.2021.BD.1080P.%e4%b8%ad%e8%8b%b1%e5%8f%8c%e5%ad%97.mkv&tr=udp%3a%2f%2ftracker.opentrackr.org%3a1337%2fannounce&tr=udp%3a%2f%2fexodus.desync.com%3a6969%2fannounce
2021年剧情悬疑《兔子暴力》HD国语中字,magnet:?xt=urn:btih:afcf623fd0f17dfe46234408c399ee1f1520cc9a&dn=%e9%98%b3%e5%85%89%e7%94%b5%e5%bd%b1www.ygdy8.com.%e5%85%94%e5%ad%90%e6%9a%b4%e5%8a%9b.2021.HD.1080P.%e5%9b%bd%e8%af%ad%e4%b8%ad%e5%ad%97.mp4&tr=udp%3a%2f%2ftracker.opentrackr.org%3a1337%2fannounce&tr=udp%3a%2f%2fexodus.desync.com%3a6969%2fannounce
2021年剧情《中国医生》HD国语中字,magnet:?xt=urn:btih:aa6b725a6563f61d916594af37b4e8d6f22895a3&dn=%e9%98%b3%e5%85%89%e7%94%b5%e5%bd%b1www.ygdy8.com.%e4%b8%ad%e5%9b%bd%e5%8c%bb%e7%94%9f.2021.HD.1080P.%e5%9b%bd%e8%af%ad%e4%b8%ad%e5%ad%97.mkv&tr=udp%3a%2f%2ftracker.opentrackr.org%3a1337%2fannounce&tr=udp%3a%2f%2fexodus.desync.com%3a6969%2fannounce
2021年动作《速度与激情9》BD国英双语双字,magnet:?xt=urn:btih:aca4b4bec644c2e9f8883ad30444e8013ca5df7b&dn=%e9%98%b3%e5%85%89%e7%94%b5%e5%bd%b1www.ygdy8.com.%e9%80%9f%e5%ba%a6%e4%b8%8e%e6%bf%80%e6%83%859.2021.1080P.%e5%9b%bd%e8%8b%b1%e5%8f%8c%e8%af%ad%e5%8f%8c%e5%ad%97.mkv&tr=udp%3a%2f%2ftracker.opentrackr.org%3a1337%2fannounce&tr=udp%3a%2f%2fexodus.desync.com%3a6969%2fannounce
2020年剧情《坠雪少女》BD中英双字,magnet:?xt=urn:btih:ba0eb500a9ae4b0801a1a735698c6bfdd85be2ee&dn=%e9%98%b3%e5%85%89%e7%94%b5%e5%bd%b1www.ygdy8.com.%e5%9d%a0%e9%9b%aa%e5%b0%91%e5%a5%b3.2021.BD.1080P.%e4%b8%ad%e8%8b%b1%e5%8f%8c%e5%ad%97.mkv&tr=udp%3a%2f%2ftracker.opentrackr.org%3a1337%2fannounce&tr=udp%3a%2f%2fexodus.desync.com%3a6969%2fannounce
2021年剧情爱情《我没有谈的那场恋爱》HD国语中字,magnet:?xt=urn:btih:3b1d14e7d23248b5588701263dab2ee85a310d68&dn=%e9%98%b3%e5%85%89%e7%94%b5%e5%bd%b1www.ygdy8.com.%e6%88%91%e6%b2%a1%e6%9c%89%e8%b0%88%e7%9a%84%e9%82%a3%e5%9c%ba%e6%81%8b%e7%88%b1.2021.HD.1080P.%e5%9b%bd%e8%af%ad%e4%b8%ad%e5%ad%97.mkv&tr=udp%3a%2f%2ftracker.opentrackr.org%3a1337%2fannounce&tr=udp%3a%2f%2fexodus.desync.com%3a6969%2fannounce
2021年剧情历史《1921/一九二一》HD国语中英双字,magnet:?xt=urn:btih:0f514861e52142a090ca4f655b7ff423482574f7&dn=%e9%98%b3%e5%85%89%e7%94%b5%e5%bd%b1www.ygdy8.com.%e4%b8%80%e4%b9%9d%e4%ba%8c%e4%b8%80.2021.HD.1080P.%e5%9b%bd%e8%af%ad%e4%b8%ad%e8%8b%b1%e5%8f%8c%e5%ad%97.mp4&tr=udp%3a%2f%2ftracker.opentrackr.org%3a1337%2fannounce&tr=udp%3a%2f%2fexodus.desync.com%3a6969%2fannounce
2021年悬疑惊悚《老去/诡老》BD中英双字,magnet:?xt=urn:btih:da1241989420daf7134694e0685a6fb68dbb3f22&dn=%e9%98%b3%e5%85%89%e7%94%b5%e5%bd%b1www.ygdy8.com.%e8%80%81%e5%8e%bb.2021.BD.1080P.%e4%b8%ad%e8%8b%b1%e5%8f%8c%e5%ad%97.mkv&tr=udp%3a%2f%2ftracker.opentrackr.org%3a1337%2fannounce&tr=udp%3a%2f%2fexodus.desync.com%3a6969%2fannounce
2021年动作悬疑《悬崖之上》BD国语中英双字,magnet:?xt=urn:btih:5b6de0264f5d5d089167579aa39d5139790ac5f8&dn=%e9%98%b3%e5%85%89%e7%94%b5%e5%bd%b1www.ygdy8.com.%e6%82%ac%e5%b4%96%e4%b9%8b%e4%b8%8a.2021.BD.1080P.%e5%9b%bd%e8%af%ad%e4%b8%ad%e8%8b%b1%e5%8f%8c%e5%ad%97.mkv&tr=udp%3a%2f%2ftracker.opentrackr.org%3a1337%2fannounce&tr=udp%3a%2f%2fexodus.desync.com%3a6969%2fannounce
2021年动作惊悚《冰路营救》BD中英双字,magnet:?xt=urn:btih:c2cc44cb48e88ae2a0d8ecf6a5d381f10a8e71b3&dn=%e9%98%b3%e5%85%89%e7%94%b5%e5%bd%b1www.ygdy8.com.%e5%86%b0%e8%b7%af%e8%90%a5%e6%95%91.2021.BD.1080P.%e4%b8%ad%e8%8b%b1%e5%8f%8c%e5%ad%97.mkv&tr=udp%3a%2f%2ftracker.opentrackr.org%3a1337%2fannounce&tr=udp%3a%2f%2fexodus.desync.com%3a6969%2fannounce
2021年剧情《再见，少年》HD国语中字,magnet:?xt=urn:btih:8c17ee822b1e8f36972a90fc77d2da2a8048c7e3&dn=%e9%98%b3%e5%85%89%e7%94%b5%e5%bd%b1www.ygdy8.com.%e5%86%8d%e8%a7%81%e5%b0%91%e5%b9%b4.2021.HD.1080P.%e5%9b%bd%e8%af%ad%e4%b8%ad%e5%ad%97.mkv&tr=udp%3a%2f%2ftracker.opentrackr.org%3a1337%2fannounce&tr=udp%3a%2f%2fexodus.desync.com%3a6969%2fannounce
2021年剧情《地陷/危楼深渊》BD韩语中字,magnet:?xt=urn:btih:f233d74ca13c0552a2431653a8e89876015a9995&dn=%e9%98%b3%e5%85%89%e7%94%b5%e5%bd%b1www.ygdy8.com.%e5%9c%b0%e9%99%b7.2021.BD.1080p.%e9%9f%a9%e8%af%ad%e4%b8%ad%e5%ad%97.mkv&tr=udp%3a%2f%2ftracker.opentrackr.org%3a1337%2fannounce&tr=udp%3a%2f%2fexodus.desync.com%3a6969%2fannounce
2021年动作《怒火·重案》HD国粤双语中字,magnet:?xt=urn:btih:64446326676e3f5119add179c93ef4c0f04b05b1&dn=%e9%98%b3%e5%85%89%e7%94%b5%e5%bd%b1www.ygdy8.com.%e6%80%92%e7%81%ab%c2%b7%e9%87%8d%e6%a1%88.2021.HD.1080P.%e5%9b%bd%e7%b2%a4%e5%8f%8c%e8%af%ad%e4%b8%ad%e5%ad%97.mkv&tr=udp%3a%2f%2ftracker.opentrackr.org%3a1337%2fannounce&tr=udp%3a%2f%2fexodus.desync.com%3a6969%2fannounce
2021年动画奇幻《西游记之再世妖王》HD国语中字,magnet:?xt=urn:btih:32d0fc1f0a1a06da779c0aa0de3325c8ca586f98&dn=%e9%98%b3%e5%85%89%e7%94%b5%e5%bd%b1www.ygdy8.com.%e8%a5%bf%e6%b8%b8%e8%ae%b0%e4%b9%8b%e5%86%8d%e4%b8%96%e5%a6%96%e7%8e%8b.2021.HD.1080P.%e5%9b%bd%e8%af%ad%e4%b8%ad%e5%ad%97.mp4&tr=udp%3a%2f%2ftracker.opentrackr.org%3a1337%2fannounce&tr=udp%3a%2f%2fexodus.desync.com%3a6969%2fannounce
2021年动画奇幻《俑之城》HD国语中字,magnet:?xt=urn:btih:1b35dd49331c27cd5b57fdfdd80884fd010fbe18&dn=%e9%98%b3%e5%85%89%e7%94%b5%e5%bd%b1www.ygdy8.com.%e4%bf%91%e4%b9%8b%e5%9f%8e.2021.HD.1080P.%e5%9b%bd%e8%af%ad%e4%b8%ad%e5%ad%97.mp4&tr=udp%3a%2f%2ftracker.opentrackr.org%3a1337%2fannounce&tr=udp%3a%2f%2fexodus.desync.com%3a6969%2fannounce
2021年剧情动作《太太请小心轻放电影版》BD日语中字,magnet:?xt=urn:btih:85c60a93b516e5e6a6cc6eff7b4f8976695013ad&dn=%e9%98%b3%e5%85%89%e7%94%b5%e5%bd%b1www.ygdy8.com.%e5%a4%aa%e5%a4%aa%e8%af%b7%e5%b0%8f%e5%bf%83%e8%bd%bb%e6%94%be%e7%94%b5%e5%bd%b1%e7%89%88.2021.BD.1080P.%e6%97%a5%e8%af%ad%e4%b8%ad%e5%ad%97.mkv&tr=udp%3a%2f%2ftracker.opentrackr.org%3a1337%2fannounce&tr=udp%3a%2f%2fexodus.desync.com%3a6969%2fannounce
2021年剧情悬疑《完美受害人》HD国语中字,magnet:?xt=urn:btih:31d57d55955ef85dd153c9439f8e912542c2d4b7&dn=%e9%98%b3%e5%85%89%e7%94%b5%e5%bd%b1www.ygdy8.com.%e5%ae%8c%e7%be%8e%e5%8f%97%e5%ae%b3%e4%ba%ba.2021.HD.1080P.%e5%9b%bd%e8%af%ad%e4%b8%ad%e5%ad%97.mp4&tr=udp%3a%2f%2ftracker.opentrackr.org%3a1337%2fannounce&tr=udp%3a%2f%2fexodus.desync.com%3a6969%2fannounce
2021年音乐歌舞《身在高地》BD中英双字,magnet:?xt=urn:btih:c139b9989b60f246aa9412604e7f2cbfc8cbdc86&dn=%e9%98%b3%e5%85%89%e7%94%b5%e5%bd%b1www.ygdy8.com.%e8%ba%ab%e5%9c%a8%e9%ab%98%e5%9c%b0.2021.BD.1080P.%e4%b8%ad%e8%8b%b1%e5%8f%8c%e5%ad%97.mkv&tr=udp%3a%2f%2ftracker.opentrackr.org%3a1337%2fannounce&tr=udp%3a%2f%2fexodus.desync.com%3a6969%2fannounce
2021年科幻悬疑《追忆迷局》BD中英双字,magnet:?xt=urn:btih:75b684e6c740ad02204cd7d0aacd19786d9537b2&dn=%e9%98%b3%e5%85%89%e7%94%b5%e5%bd%b1www.ygdy8.com.%e8%bf%bd%e5%bf%86%e8%bf%b7%e5%b1%80.2021.BD.1080P.%e4%b8%ad%e8%8b%b1%e5%8f%8c%e5%ad%97.mkv&tr=udp%3a%2f%2ftracker.opentrackr.org%3a1337%2fannounce&tr=udp%3a%2f%2fexodus.desync.com%3a6969%2fannounce
2021年悬疑《人潮汹涌》BD国粤双语中字,magnet:?xt=urn:btih:c0f6ca6163669962b99f9ec2cd63a8519e7f3362&dn=%e9%98%b3%e5%85%89%e7%94%b5%e5%bd%b1www.ygdy8.com.%e4%ba%ba%e6%bd%ae%e6%b1%b9%e6%b6%8c.BD.1080P.%e5%9b%bd%e7%b2%a4%e5%8f%8c%e8%af%ad%e4%b8%ad%e5%ad%97.mkv&tr=udp%3a%2f%2ftracker.opentrackr.org%3a1337%2fannounce&tr=udp%3a%2f%2fexodus.desync.com%3a6969%2fannounce
2021年纪录片《打破边界：我们星球的科学》BD中英双字,magnet:?xt=urn:btih:ae6222d72d9a884268968e0db026247f5bf22cbc&dn=%e9%98%b3%e5%85%89%e7%94%b5%e5%bd%b1www.ygdy8.com.%e6%89%93%e7%a0%b4%e8%be%b9%e7%95%8c%ef%bc%9a%e6%88%91%e4%bb%ac%e6%98%9f%e7%90%83%e7%9a%84%e7%a7%91%e5%ad%a6.2021.BD.1080P.%e4%b8%ad%e8%8b%b1%e5%8f%8c%e5%ad%97.mkv&tr=udp%3a%2f%2ftracker.opentrackr.org%3a1337%2fannounce&tr=udp%3a%2f%2fexodus.desync.com%3a6969%2fannounce
2021年奇幻喜剧《黑白魔女库伊拉》BD国英双语双字,magnet:?xt=urn:btih:f79273c6ae944d8568a53d57b3250b2196fd602e&dn=%e9%98%b3%e5%85%89%e7%94%b5%e5%bd%b1www.ygdy8.com.%e9%bb%91%e7%99%bd%e9%ad%94%e5%a5%b3%e5%ba%93%e4%bc%8a%e6%8b%89.2021.BD.1080P.%e5%9b%bd%e8%8b%b1%e5%8f%8c%e8%af%ad%e5%8f%8c%e5%ad%97.mkv&tr=udp%3a%2f%2ftracker.opentrackr.org%3a1337%2fannounce&tr=udp%3a%2f%2fexodus.desync.com%3a6969%2fannounce
2021年科幻动作《特种部队：蛇眼起源》BD中英双字,magnet:?xt=urn:btih:1ed03e96bca4e0e5d6b7287fe1f8b4d1e858f322&dn=%e9%98%b3%e5%85%89%e7%94%b5%e5%bd%b1www.ygdy8.com.%e7%89%b9%e7%a7%8d%e9%83%a8%e9%98%9f%ef%bc%9a%e8%9b%87%e7%9c%bc%e8%b5%b7%e6%ba%90.2021.BD.1080P.%e4%b8%ad%e8%8b%b1%e5%8f%8c%e5%ad%97.mkv&tr=udp%3a%2f%2ftracker.opentrackr.org%3a1337%2fannounce&tr=udp%3a%2f%2fexodus.desync.com%3a6969%2fannounce
2021年奇幻恐怖《绿衣骑士/绿骑士》HD中英双字,magnet:?xt=urn:btih:819b7ede836ac219980633768f188b20752909d5&dn=%e9%98%b3%e5%85%89%e7%94%b5%e5%bd%b1www.ygdy8.com.%e7%bb%bf%e8%a1%a3%e9%aa%91%e5%a3%ab.2021.BD.1080P.%e4%b8%ad%e8%8b%b1%e5%8f%8c%e5%ad%97.mkv&tr=udp%3a%2f%2ftracker.opentrackr.org%3a1337%2fannounce&tr=udp%3a%2f%2fexodus.desync.com%3a6969%2fannounce
2021年惊悚动作《甜心女孩/护女煞星》BD中英双字,magnet:?xt=urn:btih:48ca657b77d95657c49d411f7add336842fc7328&dn=%e9%98%b3%e5%85%89%e7%94%b5%e5%bd%b1www.ygdy8.com.%e7%94%9c%e5%bf%83%e5%a5%b3%e5%ad%a9.2021.BD.1080P.%e4%b8%ad%e8%8b%b1%e5%8f%8c%e5%ad%97.mkv&tr=udp%3a%2f%2ftracker.opentrackr.org%3a1337%2fannounce&tr=udp%3a%2f%2fexodus.desync.com%3a6969%2fannounce
2021年奇幻动画《寻龙传说》BD国英双语双字,magnet:?xt=urn:btih:3807bd855a6bca17537dd0cf5f270b22e9430784&dn=%e9%98%b3%e5%85%89%e7%94%b5%e5%bd%b1www.ygdy8.com.%e5%af%bb%e9%be%99%e4%bc%a0%e8%af%b4.2021.BD.1080P.%e5%9b%bd%e8%8b%b1%e5%8f%8c%e8%af%ad%e5%8f%8c%e5%ad%97.mkv&tr=udp%3a%2f%2ftracker.opentrackr.org%3a1337%2fannounce&tr=udp%3a%2f%2fexodus.desync.com%3a6969%2fannounce
2021年动画冒险《野性精神》BD中英双字,magnet:?xt=urn:btih:41459ab3019d514216e7dca4abe1c26b13cbf791&dn=%e9%98%b3%e5%85%89%e7%94%b5%e5%bd%b1www.ygdy8.com.%e9%87%8e%e6%80%a7%e7%b2%be%e7%a5%9e.2021.BD.1080P.%e4%b8%ad%e8%8b%b1%e5%8f%8c%e5%ad%97.mkv&tr=udp%3a%2f%2ftracker.opentrackr.org%3a1337%2fannounce&tr=udp%3a%2f%2fexodus.desync.com%3a6969%2fannounce
2021年奇幻动画《猎魔人：狼之噩梦》BD中英双字,magnet:?xt=urn:btih:438c492846cc74be55ade992985f4cc8c513379c&dn=%e9%98%b3%e5%85%89%e7%94%b5%e5%bd%b1www.ygdy8.com.%e7%8c%8e%e9%ad%94%e4%ba%ba%ef%bc%9a%e7%8b%bc%e4%b9%8b%e5%99%a9%e6%a2%a6.2021.BD.1080P.%e4%b8%ad%e8%8b%b1%e5%8f%8c%e5%ad%97.mkv&tr=udp%3a%2f%2ftracker.opentrackr.org%3a1337%2fannounce&tr=udp%3a%2f%2fexodus.desync.com%3a6969%2fannounce
2021年剧情歌舞《安妮特》BD中英双字,magnet:?xt=urn:btih:82df0ca0e233798b0490292e361aa4543d5e05c4&dn=%e9%98%b3%e5%85%89%e7%94%b5%e5%bd%b1www.ygdy8.com.%e5%ae%89%e5%a6%ae%e7%89%b9.2021.BD.1080P.%e4%b8%ad%e8%8b%b1%e5%8f%8c%e5%ad%97.mkv&tr=udp%3a%2f%2ftracker.opentrackr.org%3a1337%2fannounce&tr=udp%3a%2f%2fexodus.desync.com%3a6969%2fannounce
2021年动作《人之怒/玩命钞劫》BD国英双语双字,magnet:?xt=urn:btih:a1ae478f380b394c500782a201f5501f438a6415&dn=%e9%98%b3%e5%85%89%e7%94%b5%e5%bd%b1www.ygdy8.com.%e4%ba%ba%e4%b9%8b%e6%80%92.2021.BD.1080P.%e5%9b%bd%e8%8b%b1%e5%8f%8c%e8%af%ad%e5%8f%8c%e5%ad%97.mkv&tr=udp%3a%2f%2ftracker.opentrackr.org%3a1337%2fannounce&tr=udp%3a%2f%2fexodus.desync.com%3a6969%2fannounce
2021年剧情传记《孤儿橄榄球队》BD英语中字,magnet:?xt=urn:btih:514643565de40717550377610e174d263a387225&dn=%e9%98%b3%e5%85%89%e7%94%b5%e5%bd%b1www.ygdy8.com.%e5%ad%a4%e5%84%bf%e6%a9%84%e6%a6%84%e7%90%83%e9%98%9f.2021.BD.1080p.%e8%8b%b1%e8%af%ad%e4%b8%ad%e5%ad%97.mkv&tr=udp%3a%2f%2ftracker.opentrackr.org%3a1337%2fannounce&tr=udp%3a%2f%2fexodus.desync.com%3a6969%2fannounce
2021年惊悚恐怖《怪奇宅》BD韩语中字,magnet:?xt=urn:btih:a42d60d796050a9d0772228dbfafdfc715e2b1eb&dn=%e9%98%b3%e5%85%89%e7%94%b5%e5%bd%b1www.ygdy8.com.%e6%80%aa%e5%a5%87%e5%ae%85.2021.BD.1080P.%e9%9f%a9%e8%af%ad%e4%b8%ad%e5%ad%97.mkv&tr=udp%3a%2f%2ftracker.opentrackr.org%3a1337%2fannounce&tr=udp%3a%2f%2fexodus.desync.com%3a6969%2fannounce
2021年剧情惊悚《静水城》BD中英双字,magnet:?xt=urn:btih:3a82fe117181c57f74f38bdccca1095e0c8ed123&dn=%e9%98%b3%e5%85%89%e7%94%b5%e5%bd%b1www.ygdy8.com.%e9%9d%99%e6%b0%b4%e5%9f%8e.2021.BD.1080P.%e4%b8%ad%e8%8b%b1%e5%8f%8c%e5%ad%97.mkv&tr=udp%3a%2f%2ftracker.opentrackr.org%3a1337%2fannounce&tr=udp%3a%2f%2fexodus.desync.com%3a6969%2fannounce
2021年剧情《水俣病/恶水真相》BD中英双字,magnet:?xt=urn:btih:4556c68e6679e5f7af08d81eecd7dc456c319af3&dn=%e9%98%b3%e5%85%89%e7%94%b5%e5%bd%b1www.ygdy8.com.%e6%b0%b4%e4%bf%a3%e7%97%85.2021.BD.1080P.%e4%b8%ad%e8%8b%b1%e5%8f%8c%e5%ad%97.mkv&tr=udp%3a%2f%2ftracker.opentrackr.org%3a1337%2fannounce&tr=udp%3a%2f%2fexodus.desync.com%3a6969%2fannounce
2021年动作《门徒/复仇杀姬》BD中英双字,magnet:?xt=urn:btih:0432bd323b5adc93868f9de78ba739f4512881cd&dn=%e9%98%b3%e5%85%89%e7%94%b5%e5%bd%b1www.ygdy8.com.%e9%97%a8%e5%be%92.2021.BD.1080P.%e4%b8%ad%e8%8b%b1%e5%8f%8c%e5%ad%97.mkv&tr=udp%3a%2f%2ftracker.opentrackr.org%3a1337%2fannounce&tr=udp%3a%2f%2fexodus.desync.com%3a6969%2fannounce
2021年恐怖《屏住呼吸2/禁室杀戮2》BD中英双字,magnet:?xt=urn:btih:9ea15e68ce99d0fe989561c92a746b1c9b83056d&dn=%e9%98%b3%e5%85%89%e7%94%b5%e5%bd%b1www.ygdy8.com.%e5%b1%8f%e4%bd%8f%e5%91%bc%e5%90%b82.2021.BD.1080P.%e4%b8%ad%e8%8b%b1%e5%8f%8c%e5%ad%97.mkv&tr=udp%3a%2f%2ftracker.opentrackr.org%3a1337%2fannounce&tr=udp%3a%2f%2fexodus.desync.com%3a6969%2fannounce
2021年冒险动作《刺杀小说家》BD国粤双语中字,magnet:?xt=urn:btih:ca62ac6f0f1da6f68837e6b1ee672facecd32175&dn=%e9%98%b3%e5%85%89%e7%94%b5%e5%bd%b1www.ygdy8.com.%e5%88%ba%e6%9d%80%e5%b0%8f%e8%af%b4%e5%ae%b6.2021.BD.1080P.%e5%9b%bd%e7%b2%a4%e5%8f%8c%e8%af%ad%e4%b8%ad%e5%ad%97.mkv&tr=udp%3a%2f%2ftracker.opentrackr.org%3a1337%2fannounce&tr=udp%3a%2f%2fexodus.desync.com%3a6969%2fannounce
2021年剧情惊悚《罪人/接线追缉》BD中英双字,magnet:?xt=urn:btih:3492632f8fd1ff92ebc5847c7276ba12ab80af5e&dn=%e9%98%b3%e5%85%89%e7%94%b5%e5%bd%b1www.ygdy8.com.%e7%bd%aa%e4%ba%ba.2021.BD.1080P.%e4%b8%ad%e8%8b%b1%e5%8f%8c%e5%ad%97.mkv&tr=udp%3a%2f%2ftracker.opentrackr.org%3a1337%2fannounce&tr=udp%3a%2f%2fexodus.desync.com%3a6969%2fannounce
2021年剧情历史《1921/一九二一》BD国语中字,magnet:?xt=urn:btih:92f18b61a686ee723b1f8a72559bd896e25dc163&dn=%e9%98%b3%e5%85%89%e7%94%b5%e5%bd%b1www.ygdy8.com.%e4%b8%80%e4%b9%9d%e4%ba%8c%e4%b8%80.2021.BD.1080P.%e5%9b%bd%e8%af%ad%e4%b8%ad%e5%ad%97.mkv&tr=udp%3a%2f%2ftracker.opentrackr.org%3a1337%2fannounce&tr=udp%3a%2f%2fexodus.desync.com%3a6969%2fannounce
2020年剧情爱情《剧场》BD日语中字,magnet:?xt=urn:btih:02d3acefa2e0f4a3738d7cb271327fb101d907f9&dn=%e9%98%b3%e5%85%89%e7%94%b5%e5%bd%b1www.ygdy8.com.%e5%89%a7%e5%9c%ba.2020.BD.1080P.%e6%97%a5%e8%af%ad%e4%b8%ad%e5%ad%97.mkv&tr=udp%3a%2f%2ftracker.opentrackr.org%3a1337%2fannounce&tr=udp%3a%2f%2fexodus.desync.com%3a6969%2fannounce
2021年悬疑惊悚《明天的记忆》BD中英双字,magnet:?xt=urn:btih:61d4e363e60303801292c4b56aefe9e5a81d6a0f&dn=%e9%98%b3%e5%85%89%e7%94%b5%e5%bd%b1www.ygdy8.com.%e6%98%8e%e5%a4%a9%e7%9a%84%e8%ae%b0%e5%bf%86.2021.BD.1080p.%e9%9f%a9%e8%af%ad%e4%b8%ad%e8%8b%b1%e5%8f%8c%e5%ad%97.mkv&tr=udp%3a%2f%2ftracker.opentrackr.org%3a1337%2fannounce&tr=udp%3a%2f%2fexodus.desync.com%3a6969%2fannounce
2019年悬疑惊悚《迷宫中的人》BD中字,magnet:?xt=urn:btih:496eee19cb313c28d47ea47c49a3870bf41201d8&dn=%e9%98%b3%e5%85%89%e7%94%b5%e5%bd%b1www.ygdy8.com.%e8%bf%b7%e5%ae%ab%e4%b8%ad%e7%9a%84%e4%ba%ba.2020.BD.1080P.%e4%b8%ad%e5%ad%97.mkv&tr=udp%3a%2f%2ftracker.opentrackr.org%3a1337%2fannounce&tr=udp%3a%2f%2fexodus.desync.com%3a6969%2fannounce
2021年悬疑惊悚《网诱惊魂》BD中英双字,magnet:?xt=urn:btih:cd14ccfd848c85ab62b3cd6a7f0e0d592e8f6cac&dn=%e9%98%b3%e5%85%89%e7%94%b5%e5%bd%b1www.ygdy8.com.%e7%bd%91%e8%af%b1%e6%83%8a%e9%ad%82.2018.BD.1080P.%e4%b8%ad%e8%8b%b1%e5%8f%8c%e5%ad%97.mkv&tr=udp%3a%2f%2ftracker.opentrackr.org%3a1337%2fannounce&tr=udp%3a%2f%2fexodus.desync.com%3a6969%2fannounce
2021年剧情历史《革命者》HD国语中字,magnet:?xt=urn:btih:98846b0ac80f690c4deb5de0997b6e27e34bcb8a&dn=%e9%98%b3%e5%85%89%e7%94%b5%e5%bd%b1www.ygdy8.com.%e9%9d%a9%e5%91%bd%e8%80%85.2021.HD.1080P.%e5%9b%bd%e8%af%ad%e4%b8%ad%e5%ad%97.mp4&tr=udp%3a%2f%2ftracker.opentrackr.org%3a1337%2fannounce&tr=udp%3a%2f%2fexodus.desync.com%3a6969%2fannounce
2021年剧情《美国叛徒：轴心莎莉的审判》BD中英双字,magnet:?xt=urn:btih:e5a1c91e2e6a11b04b4363cc74490b842b0bb48c&dn=%e9%98%b3%e5%85%89%e7%94%b5%e5%bd%b1www.ygdy8.com.%e7%be%8e%e5%9b%bd%e5%8f%9b%e5%be%92%ef%bc%9a%e8%bd%b4%e5%bf%83%e8%8e%8e%e8%8e%89%e7%9a%84%e5%ae%a1%e5%88%a4.2021.BD.1080P.%e4%b8%ad%e8%8b%b1%e5%8f%8c%e5%ad%97.mkv&tr=udp%3a%2f%2ftracker.opentrackr.org%3a1337%2fannounce&tr=udp%3a%2f%2fexodus.desync.com%3a6969%2fannounce
2021年喜剧《空中大灌篮：新传奇》BD中英双字,magnet:?xt=urn:btih:fc75fa7f881dc225d2368c5908ac496b9c94405d&dn=%e9%98%b3%e5%85%89%e7%94%b5%e5%bd%b1www.ygdy8.com.%e7%a9%ba%e4%b8%ad%e5%a4%a7%e7%81%8c%e7%af%ae%ef%bc%9a%e6%96%b0%e4%bc%a0%e5%a5%87.2021.BD.1080P.%e4%b8%ad%e8%8b%b1%e5%8f%8c%e5%ad%97.mkv&tr=udp%3a%2f%2ftracker.opentrackr.org%3a1337%2fannounce&tr=udp%3a%2f%2fexodus.desync.com%3a6969%2fannounce
2021年科幻动作《X特遣队：全员集结》BD中英双字,magnet:?xt=urn:btih:f387113d5305aecf30ae819eee319ff99d68f724&dn=%e9%98%b3%e5%85%89%e7%94%b5%e5%bd%b1www.ygdy8.com.X%e7%89%b9%e9%81%a3%e9%98%9f%ef%bc%9a%e5%85%a8%e5%91%98%e9%9b%86%e7%bb%93.2021.BD.1080P.%e4%b8%ad%e8%8b%b1%e5%8f%8c%e5%ad%97.mkv&tr=udp%3a%2f%2ftracker.opentrackr.org%3a1337%2fannounce&tr=udp%3a%2f%2fexodus.desync.com%3a6969%2fannounce
2021年奇幻动作《群青战记》BD日语中字,magnet:?xt=urn:btih:4b362eeca54d5f56e911dad91c006c297087add4&dn=%e9%98%b3%e5%85%89%e7%94%b5%e5%bd%b1www.ygdy8.com.%e7%be%a4%e9%9d%92%e6%88%98%e8%ae%b0.2021.BD.1080p.%e6%97%a5%e8%af%ad%e4%b8%ad%e5%ad%97.mkv&tr=udp%3a%2f%2ftracker.opentrackr.org%3a1337%2fannounce&tr=udp%3a%2f%2fexodus.desync.com%3a6969%2fannounce
2021年剧情《健听女孩》BD中英双字,magnet:?xt=urn:btih:1e1c565abfff6981e31012c5a02c94216ce1a1b4&dn=%e9%98%b3%e5%85%89%e7%94%b5%e5%bd%b1www.ygdy8.com.%e5%81%a5%e5%90%ac%e5%a5%b3%e5%ad%a9.2021.BD.1080P.%e4%b8%ad%e8%8b%b1%e5%8f%8c%e5%ad%97.mkv&tr=udp%3a%2f%2ftracker.opentrackr.org%3a1337%2fannounce&tr=udp%3a%2f%2fexodus.desync.com%3a6969%2fannounce
2021年科幻动画《新·福音战士剧场版：终》BD日语中英双字,magnet:?xt=urn:btih:0991ed5a3fdc10654fd653c9bd9f8f27eb892707&dn=%e9%98%b3%e5%85%89%e7%94%b5%e5%bd%b1www.ygdy8.com.%e6%96%b0%c2%b7%e7%a6%8f%e9%9f%b3%e6%88%98%e5%a3%ab%e5%89%a7%e5%9c%ba%e7%89%88%ef%bc%9a%e7%bb%88.2021.BD.1080P.%e6%97%a5%e8%af%ad%e4%b8%ad%e8%8b%b1%e5%8f%8c%e5%ad%97.mkv&tr=udp%3a%2f%2ftracker.opentrackr.org%3a1337%2fannounce&tr=udp%3a%2f%2fexodus.desync.com%3a6969%2fannounce
2019年剧情历史《夕雾花园》BD中字,magnet:?xt=urn:btih:6889a0e0b777fdd30eb0fc5a400eb80e28a4c6f4&dn=%e9%98%b3%e5%85%89%e7%94%b5%e5%bd%b1www.ygdy8.com.%e5%a4%95%e9%9b%be%e8%8a%b1%e5%9b%ad.2019.BD.1080P.%e4%b8%ad%e5%ad%97.mkv&tr=udp%3a%2f%2ftracker.opentrackr.org%3a1337%2fannounce&tr=udp%3a%2f%2fexodus.desync.com%3a6969%2fannounce
2021年喜剧《燃野少年的天空》HD国语中字,magnet:?xt=urn:btih:df1e66582b6dacd84cbcc8a373efec94bc604ca1&dn=%e9%98%b3%e5%85%89%e7%94%b5%e5%bd%b1www.ygdy8.com.%e7%87%83%e9%87%8e%e5%b0%91%e5%b9%b4%e7%9a%84%e5%a4%a9%e7%a9%ba.2021.HD.1080P.%e5%9b%bd%e8%af%ad%e4%b8%ad%e5%ad%97.mp4&tr=udp%3a%2f%2ftracker.opentrackr.org%3a1337%2fannounce&tr=udp%3a%2f%2fexodus.desync.com%3a6969%2fannounce
2021年科幻动画《怪物猎人：公会传奇》BD中英双字,magnet:?xt=urn:btih:03d34b3d36538b8dc50febc66a16657148bfe60c&dn=%e9%98%b3%e5%85%89%e7%94%b5%e5%bd%b1www.ygdy8.com.%e6%80%aa%e7%89%a9%e7%8c%8e%e4%ba%ba%ef%bc%9a%e5%85%ac%e4%bc%9a%e4%bc%a0%e5%a5%87.2021.BD.1080P.%e4%b8%ad%e8%8b%b1%e5%8f%8c%e5%ad%97.mkv&tr=udp%3a%2f%2ftracker.opentrackr.org%3a1337%2fannounce&tr=udp%3a%2f%2fexodus.desync.com%3a6969%2fannounce
2020年动画喜剧《筑梦者/筑梦奇迹》BD英国粤三语双字,magnet:?xt=urn:btih:31b7818d59e58b8692a708324c16297090043c72&dn=%e9%98%b3%e5%85%89%e7%94%b5%e5%bd%b1www.ygdy8.com.%e7%ad%91%e6%a2%a6%e8%80%85.BD.1080p.%e5%9b%bd%e7%b2%a4%e8%8b%b1%e4%b8%89%e8%af%ad%e4%b8%ad%e8%8b%b1%e5%8f%8c%e5%ad%97.mkv&tr=udp%3a%2f%2ftracker.opentrackr.org%3a1337%2fannounce&tr=udp%3a%2f%2fexodus.desync.com%3a6969%2fannounce
2021年剧情爱情《花束般的恋爱》BD日语中字,magnet:?xt=urn:btih:9378508abf4137615c7f6e4c6311caf97c969f92&dn=%e9%98%b3%e5%85%89%e7%94%b5%e5%bd%b1www.ygdy8.com.%e8%8a%b1%e6%9d%9f%e8%88%ac%e7%9a%84%e6%81%8b%e7%88%b1.2021.BD.1080P.%e6%97%a5%e8%af%ad%e4%b8%ad%e5%ad%97.mkv&tr=udp%3a%2f%2ftracker.opentrackr.org%3a1337%2fannounce&tr=udp%3a%2f%2fexodus.desync.com%3a6969%2fannounce
2021年动画喜剧《夏日友晴天》BD英国粤三语双字,magnet:?xt=urn:btih:130b53f19a9e28335527fe986d026d299e25fb39&dn=%e9%98%b3%e5%85%89%e7%94%b5%e5%bd%b1www.ygdy8.com.%e5%a4%8f%e6%97%a5%e5%8f%8b%e6%99%b4%e5%a4%a9.2021.BD.1080P.%e5%9b%bd%e7%b2%a4%e8%8b%b1%e4%b8%89%e8%af%ad%e5%8f%8c%e5%ad%97.mkv&tr=udp%3a%2f%2ftracker.opentrackr.org%3a1337%2fannounce&tr=udp%3a%2f%2fexodus.desync.com%3a6969%2fannounce
2021年动作《速度与激情9》BD中英双字,magnet:?xt=urn:btih:155970bfc960f57cce7033f4c52181da2a5744cb&dn=%e9%98%b3%e5%85%89%e7%94%b5%e5%bd%b1www.ygdy8.com.%e9%80%9f%e5%ba%a6%e4%b8%8e%e6%bf%80%e6%83%859.2021.BD.1080P.%e4%b8%ad%e8%8b%b1%e5%8f%8c%e5%ad%97.mkv&tr=udp%3a%2f%2ftracker.opentrackr.org%3a1337%2fannounce&tr=udp%3a%2f%2fexodus.desync.com%3a6969%2fannounce
2019年喜剧《好梦一日游》BD法语中字,magnet:?xt=urn:btih:78ce12fbf0cb4c165750fffb930075b837771726&dn=%e9%98%b3%e5%85%89%e7%94%b5%e5%bd%b1www.ygdy8.com.%e5%a5%bd%e6%a2%a6%e4%b8%80%e6%97%a5%e6%b8%b8.2019.BD.1080P.%e6%b3%95%e8%af%ad%e4%b8%ad%e5%ad%97.mkv&tr=udp%3a%2f%2ftracker.opentrackr.org%3a1337%2fannounce&tr=udp%3a%2f%2fexodus.desync.com%3a6969%2fannounce
2021年冒险动作《浪客剑心最终章追忆篇》BD日语中字,magnet:?xt=urn:btih:54ea421a4fb539c069c20b4c22ea99d3abd72b52&dn=%e9%98%b3%e5%85%89%e7%94%b5%e5%bd%b1www.ygdy8.com.%e6%b5%aa%e5%ae%a2%e5%89%91%e5%bf%83%e6%9c%80%e7%bb%88%e7%ab%a0%e8%bf%bd%e5%bf%86%e7%af%87.2021.BD.1080P.%e6%97%a5%e8%af%ad%e4%b8%ad%e5%ad%97.mkv&tr=udp%3a%2f%2ftracker.opentrackr.org%3a1337%2fannounce&tr=udp%3a%2f%2fexodus.desync.com%3a6969%2fannounce
2021年喜剧《了不起的老爸》HD国语中字,magnet:?xt=urn:btih:0d6398aeb20e8d35b261fc9f619a2f13c5a48160&dn=%e9%98%b3%e5%85%89%e7%94%b5%e5%bd%b1www.ygdy8.com.%e4%ba%86%e4%b8%8d%e8%b5%b7%e7%9a%84%e8%80%81%e7%88%b8.2021.HD.1080P.%e5%9b%bd%e8%af%ad%e4%b8%ad%e5%ad%97.mkv&tr=udp%3a%2f%2ftracker.opentrackr.org%3a1337%2fannounce&tr=udp%3a%2f%2fexodus.desync.com%3a6969%2fannounce
2021年科幻动画《蝙蝠侠：漫长的万圣节(下)》BD中英双字,magnet:?xt=urn:btih:27663ab0f63457626fce8efa627968e11959ac0c&dn=%e9%98%b3%e5%85%89%e7%94%b5%e5%bd%b1www.ygdy8.com.%e8%9d%99%e8%9d%a0%e4%be%a0%ef%bc%9a%e6%bc%ab%e9%95%bf%e7%9a%84%e4%b8%87%e5%9c%a3%e8%8a%82(%e4%b8%8b).2021.BD.1080P.%e4%b8%ad%e8%8b%b1%e5%8f%8c%e5%ad%97.mkv&tr=udp%3a%2f%2ftracker.opentrackr.org%3a1337%2fannounce&tr=udp%3a%2f%2fexodus.desync.com%3a6969%2fannounce
2021年喜剧《比得兔2：逃跑计划》BD中英双字,magnet:?xt=urn:btih:103ff99398d6660578f4b1aa776e5eddaea801e6&dn=%e9%98%b3%e5%85%89%e7%94%b5%e5%bd%b1www.ygdy8.com.%e6%af%94%e5%be%97%e5%85%942%ef%bc%9a%e9%80%83%e8%b7%91%e8%ae%a1%e5%88%92.2021.BD.1080P.%e4%b8%ad%e8%8b%b1%e5%8f%8c%e5%ad%97.mkv&tr=udp%3a%2f%2ftracker.opentrackr.org%3a1337%2fannounce&tr=udp%3a%2f%2fexodus.desync.com%3a6969%2fannounce
2021年动作奇幻《丛林奇航》BD中英双字,magnet:?xt=urn:btih:0ff2041f67571c3bea47bf9430eae1e85d921c5b&dn=%e9%98%b3%e5%85%89%e7%94%b5%e5%bd%b1www.ygdy8.com.%e4%b8%9b%e6%9e%97%e5%a5%87%e8%88%aa.2021.BD.1080P.%e4%b8%ad%e8%8b%b1%e5%8f%8c%e5%ad%97.mkv&tr=udp%3a%2f%2ftracker.opentrackr.org%3a1337%2fannounce&tr=udp%3a%2f%2fexodus.desync.com%3a6969%2fannounce
